brand,title
Arc'teryx,Alpha SV Jacket - Men's
The North Face,Apex Bionic Softshell Jacket - Men's
Marmot,PreCip Jacket - Men's
Patagonia,Down Sweater Jacket - Men's
The North Face,Venture Jacket - Men's
Patagonia,Torrentshell Jacket - Men's
The North Face,Resolve Jacket - Men's
Patagonia,Houdini Full-Zip Jacket - Men's
Canada Goose,Expedition Down Parka - Men's
Mountain Hardwear,Plasmic Jacket - Men's 
Marmot,Speed Light Jacket - Men's
Carhartt,Sandstone Active Jacket - Men's
Patagonia,Torrentshell Stretch Jacket - Men's
Marmot,Super Mica Jacket - Men's
Outdoor Research,Ferrosi Hooded Jacket - Men's
Patagonia,Adze Softshell Jacket - Men's
Arc'teryx,Beta LT Jacket - Men's
Arc'teryx,Beta AR Jacket - Men's
Marmot,Mica Jacket - Men's
Columbia,Trail Drier Windbreaker Jacket - Men's 
KUHL,Burr Jacket - Men's
The North Face,RDT Softshell Jacket - Men's
Patagonia,Triolet Jacket - Men's
Norrøna,Svalbard Cotton Anorak Jacket - Men's
The North Face,Allabout Jacket - Men's
Patagonia,Super Cell Jacket - Men's
Mountain Hardwear,Ghost Whisper Hooded Jacket - Men's 
Marmot,Leadville Softshell Jacket - Men's
Columbia,Watertight II Jacket - Men's
Marmot,Tempo Softshell Jacket - Men's
Arc'teryx,Gamma MX Hoody - Men's
Marmot,Minimalist Jacket - Men's
The North Face,Apex Pneumatic Softshell Jacket - Men's
Arc'teryx,Gamma MX Softshell Jacket - Men's
Outdoor Research,Axiom Jacket - Men's
Arc'teryx,Venta AR Softshell Jacket - Men's
Patagonia,Torrentshell Plus Jacket - Men's
Marmot,Approach Softshell Jacket - Men's
Marmot,Gravity Softshell Jacket - Men's
Marmot,Ether Driclime Jacket - Men's
brand,title
Arc'teryx,Alpha SV Jacket - Men's
The North Face,Apex Bionic Softshell Jacket - Men's
Marmot,PreCip Jacket - Men's
Patagonia,Down Sweater Jacket - Men's
The North Face,Venture Jacket - Men's
Patagonia,Torrentshell Jacket - Men's
The North Face,Resolve Jacket - Men's
Patagonia,Houdini Full-Zip Jacket - Men's
Canada Goose,Expedition Down Parka - Men's
Mountain Hardwear,Plasmic Jacket - Men's 
Marmot,Speed Light Jacket - Men's
Carhartt,Sandstone Active Jacket - Men's
Patagonia,Torrentshell Stretch Jacket - Men's
Marmot,Super Mica Jacket - Men's
Outdoor Research,Ferrosi Hooded Jacket - Men's
Patagonia,Adze Softshell Jacket - Men's
Arc'teryx,Beta LT Jacket - Men's
Arc'teryx,Beta AR Jacket - Men's
Marmot,Mica Jacket - Men's
Columbia,Trail Drier Windbreaker Jacket - Men's 
KUHL,Burr Jacket - Men's
The North Face,RDT Softshell Jacket - Men's
Patagonia,Triolet Jacket - Men's
Norrøna,Svalbard Cotton Anorak Jacket - Men's
The North Face,Allabout Jacket - Men's
Patagonia,Super Cell Jacket - Men's
Mountain Hardwear,Ghost Whisper Hooded Jacket - Men's 
Marmot,Leadville Softshell Jacket - Men's
Columbia,Watertight II Jacket - Men's
Marmot,Tempo Softshell Jacket - Men's
Arc'teryx,Gamma MX Hoody - Men's
Marmot,Minimalist Jacket - Men's
The North Face,Apex Pneumatic Softshell Jacket - Men's
Arc'teryx,Gamma MX Softshell Jacket - Men's
Outdoor Research,Axiom Jacket - Men's
Arc'teryx,Venta AR Softshell Jacket - Men's
Patagonia,Torrentshell Plus Jacket - Men's
Marmot,Approach Softshell Jacket - Men's
Marmot,Gravity Softshell Jacket - Men's
Marmot,Ether Driclime Jacket - Men's
brand,title
Arc'teryx,Alpha SV Jacket - Men's
The North Face,Apex Bionic Softshell Jacket - Men's
Marmot,PreCip Jacket - Men's
Patagonia,Down Sweater Jacket - Men's
The North Face,Venture Jacket - Men's
Patagonia,Torrentshell Jacket - Men's
The North Face,Resolve Jacket - Men's
Patagonia,Houdini Full-Zip Jacket - Men's
Canada Goose,Expedition Down Parka - Men's
Mountain Hardwear,Plasmic Jacket - Men's 
Marmot,Speed Light Jacket - Men's
Carhartt,Sandstone Active Jacket - Men's
Patagonia,Torrentshell Stretch Jacket - Men's
Marmot,Super Mica Jacket - Men's
Outdoor Research,Ferrosi Hooded Jacket - Men's
Patagonia,Adze Softshell Jacket - Men's
Arc'teryx,Beta LT Jacket - Men's
Arc'teryx,Beta AR Jacket - Men's
Marmot,Mica Jacket - Men's
Columbia,Trail Drier Windbreaker Jacket - Men's 
KUHL,Burr Jacket - Men's
The North Face,RDT Softshell Jacket - Men's
Patagonia,Triolet Jacket - Men's
Norrøna,Svalbard Cotton Anorak Jacket - Men's
The North Face,Allabout Jacket - Men's
Patagonia,Super Cell Jacket - Men's
Mountain Hardwear,Ghost Whisper Hooded Jacket - Men's 
Marmot,Leadville Softshell Jacket - Men's
Columbia,Watertight II Jacket - Men's
Marmot,Tempo Softshell Jacket - Men's
Arc'teryx,Gamma MX Hoody - Men's
Marmot,Minimalist Jacket - Men's
The North Face,Apex Pneumatic Softshell Jacket - Men's
Arc'teryx,Gamma MX Softshell Jacket - Men's
Outdoor Research,Axiom Jacket - Men's
Arc'teryx,Venta AR Softshell Jacket - Men's
Patagonia,Torrentshell Plus Jacket - Men's
Marmot,Approach Softshell Jacket - Men's
Marmot,Gravity Softshell Jacket - Men's
Marmot,Ether Driclime Jacket - Men's
brand,title
Arc'teryx,Alpha SV Jacket - Men's
The North Face,Apex Bionic Softshell Jacket - Men's
Marmot,PreCip Jacket - Men's
Patagonia,Down Sweater Jacket - Men's
The North Face,Venture Jacket - Men's
Patagonia,Torrentshell Jacket - Men's
The North Face,Resolve Jacket - Men's
Patagonia,Houdini Full-Zip Jacket - Men's
Canada Goose,Expedition Down Parka - Men's
Mountain Hardwear,Plasmic Jacket - Men's 
Marmot,Speed Light Jacket - Men's
Carhartt,Sandstone Active Jacket - Men's
Patagonia,Torrentshell Stretch Jacket - Men's
Marmot,Super Mica Jacket - Men's
Outdoor Research,Ferrosi Hooded Jacket - Men's
Patagonia,Adze Softshell Jacket - Men's
Arc'teryx,Beta LT Jacket - Men's
Arc'teryx,Beta AR Jacket - Men's
Marmot,Mica Jacket - Men's
Columbia,Trail Drier Windbreaker Jacket - Men's 
KUHL,Burr Jacket - Men's
The North Face,RDT Softshell Jacket - Men's
Patagonia,Triolet Jacket - Men's
Norrøna,Svalbard Cotton Anorak Jacket - Men's
The North Face,Allabout Jacket - Men's
Patagonia,Super Cell Jacket - Men's
Mountain Hardwear,Ghost Whisper Hooded Jacket - Men's 
Marmot,Leadville Softshell Jacket - Men's
Columbia,Watertight II Jacket - Men's
Marmot,Tempo Softshell Jacket - Men's
Arc'teryx,Gamma MX Hoody - Men's
Marmot,Minimalist Jacket - Men's
The North Face,Apex Pneumatic Softshell Jacket - Men's
Arc'teryx,Gamma MX Softshell Jacket - Men's
Outdoor Research,Axiom Jacket - Men's
Arc'teryx,Venta AR Softshell Jacket - Men's
Patagonia,Torrentshell Plus Jacket - Men's
Marmot,Approach Softshell Jacket - Men's
Marmot,Gravity Softshell Jacket - Men's
Marmot,Ether Driclime Jacket - Men's
brand,title
Arc'teryx,Alpha SV Jacket - Men's
The North Face,Apex Bionic Softshell Jacket - Men's
Marmot,PreCip Jacket - Men's
Patagonia,Down Sweater Jacket - Men's
The North Face,Venture Jacket - Men's
Patagonia,Torrentshell Jacket - Men's
The North Face,Resolve Jacket - Men's
Patagonia,Houdini Full-Zip Jacket - Men's
Canada Goose,Expedition Down Parka - Men's
Mountain Hardwear,Plasmic Jacket - Men's 
Marmot,Speed Light Jacket - Men's
Carhartt,Sandstone Active Jacket - Men's
Patagonia,Torrentshell Stretch Jacket - Men's
Marmot,Super Mica Jacket - Men's
Outdoor Research,Ferrosi Hooded Jacket - Men's
Patagonia,Adze Softshell Jacket - Men's
Arc'teryx,Beta LT Jacket - Men's
Arc'teryx,Beta AR Jacket - Men's
Marmot,Mica Jacket - Men's
Columbia,Trail Drier Windbreaker Jacket - Men's 
KUHL,Burr Jacket - Men's
The North Face,RDT Softshell Jacket - Men's
Patagonia,Triolet Jacket - Men's
Norrøna,Svalbard Cotton Anorak Jacket - Men's
The North Face,Allabout Jacket - Men's
Patagonia,Super Cell Jacket - Men's
Mountain Hardwear,Ghost Whisper Hooded Jacket - Men's 
Marmot,Leadville Softshell Jacket - Men's
Columbia,Watertight II Jacket - Men's
Marmot,Tempo Softshell Jacket - Men's
Arc'teryx,Gamma MX Hoody - Men's
Marmot,Minimalist Jacket - Men's
The North Face,Apex Pneumatic Softshell Jacket - Men's
Arc'teryx,Gamma MX Softshell Jacket - Men's
Outdoor Research,Axiom Jacket - Men's
Arc'teryx,Venta AR Softshell Jacket - Men's
Patagonia,Torrentshell Plus Jacket - Men's
Marmot,Approach Softshell Jacket - Men's
Marmot,Gravity Softshell Jacket - Men's
Marmot,Ether Driclime Jacket - Men's
brand,title
Arc'teryx,Alpha SV Jacket - Men's
The North Face,Apex Bionic Softshell Jacket - Men's
Marmot,PreCip Jacket - Men's
Patagonia,Down Sweater Jacket - Men's
The North Face,Venture Jacket - Men's
Patagonia,Torrentshell Jacket - Men's
The North Face,Resolve Jacket - Men's
Patagonia,Houdini Full-Zip Jacket - Men's
Canada Goose,Expedition Down Parka - Men's
Mountain Hardwear,Plasmic Jacket - Men's 
Marmot,Speed Light Jacket - Men's
Carhartt,Sandstone Active Jacket - Men's
Patagonia,Torrentshell Stretch Jacket - Men's
Marmot,Super Mica Jacket - Men's
Outdoor Research,Ferrosi Hooded Jacket - Men's
Patagonia,Adze Softshell Jacket - Men's
Arc'teryx,Beta LT Jacket - Men's
Arc'teryx,Beta AR Jacket - Men's
Marmot,Mica Jacket - Men's
Columbia,Trail Drier Windbreaker Jacket - Men's 
KUHL,Burr Jacket - Men's
The North Face,RDT Softshell Jacket - Men's
Patagonia,Triolet Jacket - Men's
Norrøna,Svalbard Cotton Anorak Jacket - Men's
The North Face,Allabout Jacket - Men's
Patagonia,Super Cell Jacket - Men's
Mountain Hardwear,Ghost Whisper Hooded Jacket - Men's 
Marmot,Leadville Softshell Jacket - Men's
Columbia,Watertight II Jacket - Men's
Marmot,Tempo Softshell Jacket - Men's
Arc'teryx,Gamma MX Hoody - Men's
Marmot,Minimalist Jacket - Men's
The North Face,Apex Pneumatic Softshell Jacket - Men's
Arc'teryx,Gamma MX Softshell Jacket - Men's
Outdoor Research,Axiom Jacket - Men's
Arc'teryx,Venta AR Softshell Jacket - Men's
Patagonia,Torrentshell Plus Jacket - Men's
Marmot,Approach Softshell Jacket - Men's
Marmot,Gravity Softshell Jacket - Men's
Marmot,Ether Driclime Jacket - Men's
Arc'teryx,Theta AR Jacket - Men's
Outdoor Research,Enchainment Softshell Jacket - Men's
Marmot,Trail Wind Hooded Jacket - Men's
Montane,Featherlite Marathon Jacket - Men's
Marmot,Rincon Jacket - Men's 
Marmot,Spectra Jacket - Men's
Patagonia,Adze Hooded Softshell Jacket - Men's
The North Face,Cipher Softshell Jacket - Men's
Marmot,Trail Wind Jacket - Men's
Arc'teryx,Gamma LT Hooded Softshell Jacket - Men's
Columbia,Sweet As II Softshell Jacket - Men's
Arc'teryx,Solano Softshell Jacket - Men's
Mountain Hardwear,Android II Softshell Jacket - Men's
Marmot,DriClime Windshirt - Men's
Arc'teryx,Beta SL Jacket - Men's
The North Face,Apex Bionic Softshell Jacket - Men's
Patagonia,Mixed Guide Hooded Softshell Jacket - Men's
Arc'teryx,Epsilon LT Softshell Jacket - Men's
Sierra Designs,Microlight 2 Jacket - Men's
Arc'teryx,Venta MX Hooded Softshell Jacket - Men's
MontBell,Tachyon Jacket - Men's 
The North Face,RDT Rain Jacket - Men's 
Marmot,Vapor Trail Hooded  Softshell Jacket - Men's
Mountain Hardwear,Super Light Plasmic Jacket - Men's
Patagonia,Leashless Jacket - Men's
Arc'teryx,Venta SV Softshell Jacket - Men's
Black Diamond,Dawn Patrol LT Softshell Jacket - Men's
Black Diamond,BDV Hoodie - Men's
Patagonia,Simple Guide Hooded Softshell Jacket - Men's
Mountain Hardwear,DryRunner Jacket - Men's
Outdoor Research,Foray Jacket - Men's
The North Face,Apex Android Hooded Softshell Jacket - Men's
Marmot,Hyper Lite Jacket - Men's
Arc'teryx,Gamma LT Softshell Jacket - Men's
The North Face,Alpine Project Hybrid Hooded Softshell Jacket - Men's 
Arc'teryx,Alpha FL Jacket - Men's
Marmot,Nano AS Jacket - Men's
Mountain Hardwear,Super Chockstone Jacket - Men's
Marmot,Aegis Jacket - Men's
The North Face,Alpine Project Jacket - Men's
Patagonia,Alpine Houdini Jacket - Men's
Marmot,Super Gravity Jacket - Men's
Canada Goose,Constable Down Parka - Men's
Arc'teryx,Accelero Jacket  - Men's
NAU,Succinct Trench Coat - Men's
Arc'teryx,Incendo Jacket - Men's
Montane,Featherlite Smock - Men's
Marmot,Eastside Softshell Jacket - Men's
Black Diamond,Alpine Start Hooded Jacket - Men's
Marmot,Fusion Softshell Jacket - Men's 
Arc'teryx,Zeta AR Jacket - Men's
Outdoor Research,Valhalla Hooded Softshell Jacket - Men's
Arc'teryx,Alpha LT Jacket - Men's
Rab,Pulse Pull-On Jacket - Men's 
The North Face,Sentinel Windstopper Softshell Jacket - Men's
Norrøna,Bitihorn Dri1 Jacket - Men's
Arc'teryx,Gamma SL Hybrid Softshell Hoody Jacket - Men's
Outdoor Research,Helium II Jacket - Men's
Helly Hansen,Feather Jacket - Men's
Arc'teryx,Parsec Coat - Men's
Marmot,ROM Softshell Jacket - Men's
The North Face,Nimble Softshell Jacket - Men's
Sierra Designs,Pack Trench Coat - Men's
Fjallraven,Greenland No. 1 Jacket - Men's
Arc'teryx,Incendo Hooded Jacket - Men's 
Brixton,Cass Shirt Jacket - Men's 
The North Face,Iodin Softshell Jacket - Men's 
Helly Hansen,H2 Flow Jacket - Men's 
MontBell,Tachyon Anorak Pullover - Men's
Outdoor Research,Revel Jacket - Men's
Marmot,Estes Hooded Softshell Jacket - Men's
The North Face,Burst Rock Jacket - Men's
Fjallraven,Travel Blazer - Men's
Fjallraven,Greenland No. 1 Special Edition Jacket - Men's
Arc'teryx,Beta Lt Hybrid Jacket - Men's
Arc'teryx,Gamma SL Hybrid Softshell Jacket - Men's
NAU,Riding Jacket - Men's
Sierra Designs,Hurricane Jacket - Men's
NAU,Vice II Blazer - Men's
Arc'teryx,Stradium Jacket - Men's
Marmot,Nabu Softshell Jacket - Men's 
The North Face,Torpedo Jacket - Men's
KUHL,Impakt Jacket - Men's
Marmot,Nanowick Jacket - Men's 
Rab,Boreas Pull-On Jacket - Men's
Mammut,MTR 201 Micro Jacket - Men's
Norrøna,/29 Dri3 Rain Coat - Men's
Marmot,Stride Jacket - Men's 
Arc'teryx,Alpha SL Jacket  - Men's
Helly Hansen,Lerwick Rain Jacket - Men's 
Columbia,Heater-Change Jacket - Men's
Patagonia,M10 Jacket - Men's
Montane,Minimus Jacket - Men's
Marmot,E Line Softshell Jacket - Men's
NAU,Riding Jacket - Men's
Arc'teryx,Epsilon LT Softshell Hooded Jacket - Men's
KUHL,Rigor Jacket - Men's
Marmot,Stretch Light 1/2-Zip Softshell Pullover - Men's 
The North Face,Orello Softshell Jacket - Men's
Fjallraven,Greenland Jacket - Men's
The North Face,Hype Jacket - Men's
Patagonia,Simple Guide Softshell Jacket - Men's
Columbia,Evap-Change Softshell Jacket - Men's
Marmot,Zion Softshell Jacket - Men's
The North Face,Feather Lite Storm Blocker Jacket - Men's
Backcountry.com,Immersion Bonded Wool Jacket - Men's
Norrøna,Svalbard Gore-Tex Jacket - Men's 
Salomon,Bonatti Jacket - Men's
Fjallraven,Greenland Winter Jacket - Men's
Patagonia,Knifeblade Softshell Jacket - Men's
Patagonia,Torrentshell Insulated Jacket - Men's
Filson,Short Cruiser Jacket - Men's
The North Face,Ampere Jacket - Men's
Norrøna,/29 Wool Jacket - Men's
Dynafit,Trail DST Jacket - Men's
Columbia,Timber Town EXS Softshell Jacket - Men's
Marmot,Kirwin Jacket - Men's
MontBell,Dynamo Wind Parka - Men's
Arc'teryx,Trino Jersey Jacket - Men's
Dakota Grizzly,Bison Jacket - Men's
Dark Seas,Dreadnaught Jacket - Men's
Mountain Equipment,MIcron Jacket - Men's
Outdoor Research,Mithril Softshell Jacket - Men's
Dynafit,Seraks GTX WS Jacket - Men's
Marmot,Leadville Jacket - Men's
Loser Machine,Clyde Jacket - Men's
Mountain Equipment,Aeon Jacket - Men's
Stoic,Vaporshell Jacket - Men's
Loser Machine,Sparkbrook Jacket - Men's
Horny Toad,Viggo Jacket - Men's
The North Face,Matthes Jacket - Men's
Arc'teryx,Darter Jacket - Men's
Filson,Tin Cloth Lined Ranch Jacket - Men's
Carhartt,Huron Rain Jacket - Men's
Dynafit,Transalper Convertible Jacket - Men's
Arc'teryx,Zeta LT Hybrid Jacket  - Men's
Fjallraven,Eco-Woods Jacket - Men's
Marmot,Accelerator Hooded Jacket - Men's
Sierra Designs,Storm Poncho - Men's
Columbia,Watertight Jacket - Men's
Columbia,Birch Trail EXS Jacket - Men's
Columbia,Evapouration Jacket - Men's
Arc'teryx,Proxy Jacket - Men's
Columbia,On The Mount Stretch Jacket - Men's
Filson,Tin Cloth Cruiser Jacket - Men's
Patagonia,Traverse Softshell Jacket - Men's
Mountain Hardwear,Stretch Plasmic Jacket - Men's
Outdoor Research,Helium Hybrid Jacket - Men's
The North Face,Better Than Naked Jacket - Men's 
Marmot,Traveler Jacket - Men's
Filson,Light Crusier Jacket - Men's
Salomon,Bonatti WP Jacket - Men's
High Society,Ryder Jacket - Men's
Icebreaker,Legacy Coat - Men's
The North Face,Greer Trench Jacket - Men's
Black Diamond,Crag Softshell Hooded Jacket - Men's
Outdoor Research,Helium HD Jacket - Men's
Outdoor Research,Redline Jacket - Men's
Fjallraven,Oban Jacket - Men's
NAU,Atelier Jacket - Men's
Gore Running Wear,Air WS Jacket - Men's
KUHL,Flakjak Jacket - Men's
Arc'teryx,Incendo Hooded Jacket - Men's 
Outdoor Research,Furio Jacket - Men's
Rab,Cirrus Wind Top - Men's
Arc'teryx,A2b Commuter Jacket - Men's
Filson,Cover Cloth Mile Marker Jacket SF - Men's
Mammut,Ultimate Light Softshell Jacket - Men's
Patagonia,Dimensions Jacket - Men's
The North Face,Varius Guide Jacket - Men's
Helly Hansen,Vancouver Packable Jacket - Men's
Norrøna,Bitihorn Aero100 Jacket - Men's
Salomon,Fast Wing Hoodie - Men's
Columbia,Ascender Softshell Jacket - Mens
Filson,Wool Mackinaw Cruiser Seattle Fit Jacket - Men's
Patagonia,Torrentshell Pullover Jacket - Men's
Carhartt,Surrey Coat - Men's
Alpinestars,Forward Tech Full-Zip Hoodie - Men's
NAU,Amble Jacket - Men's
prAna,Ogden Jacket - Men's
The North Face,Venture Jacket - Men's
Chrome,Storm Cobra Jacket
Puma,Pure NightCat Jacket - Men's
Filson,Bell Bomber Jacket - Men's
Gore Running Wear,Mythos SO Light Jacket - Men's
Adidas Outdoor,Hiking Softshell Jacket - Men's
Canada Goose,Westmount Down Parka - Men's
Mammut,Ultimate Hooded Softshell Jacket - Men's
Mammut,Ultimate Hooded Softshell Jacket - Men's
The North Face,Powerdome Softshell Jacket - Men's
Salomon,Minim 2.5L Jacket - Men's
Arc'teryx,Argus Jacket - Men's
Spyder,Stated Softshell Hybrid Sweater - Men's 
Patagonia,Lined Canvas Full-Zip Hoodie - Men's
prAna,Flex Jacket - Men's
Patagonia,Super Pluma Jacket - Men's
Marmot,Artemis Jacket - Men's
Filson,Short Lined Cruiser Jacket - Men's
Patagonia,Fogbank Trench Coat - Men's
Marmot,ROM Softshell Jacket - Men's
Filson,Packable Elkhorn Jacket
Carhartt,Mayne Coat - Men's
Marmot,Up Track Softshell Jacket - Men's
Carhartt,QuickDuck Woodward Active Jacket - Men's
LRG,Research Collection Jacket - Men's
Brixton,Ace Jacket - Men's
Sierra Designs,Stretch Rain Jacket - Men's
Sierra Designs,Stow Windshirt - Men's
NAU,Motil Trench Coat - Men's 
Arc'teryx,Diplomat Jacket - Men's
The North Face,Voltage Jacket - Men's
Outdoor Research,Enchainment Softshell Jacket - Men's
Outdoor Research,Ferrosi Hooded Jacket - Men's
Sierra Designs,All Season Windjacket - Men's
Mammut,Gipfelgrat Light Softshell Jacket - Men's
Upright Cyclist,Damen Coat - Men's
Carhartt,Sandstone Sante Fe Jacket - Men's
Mammut,MTR 141 Air Jacket - Men's
RVCA,Sil III Jacket - Men's
Outdoor Research,Speedstar Softshell Jacket - Men's
NAU,Treble Jacket - Men's
The North Face,Verto Pro Jacket - Men's 
Coalatree Organics,Park Raider Jacket - Men's
Quiksilver Waterman,Brando 2 Jacket - Men's
NAU,Modus Trench Rain Jacket - Men's
Montane,Trailblazer Stretch Jacket - Men's
Chrome,Ike Windshirt	
Helly Hansen,Odin Moon Light Jacket - Men's
Matix,Townsmen Jacket - Men's
SmartWool,PhD Run Divide Jacket - Men's
Mammut,Teton Jacket - Men's
Norrøna,Fjora Dri1Jacket - Men's
Arc'teryx,Alpha SL Jacket  - Men's
Patagonia,Wind Shield Hybrid Jacket - Men's
Matix,Regions Jacket - Men's
Salomon,Fast Wing Hoodie - Men's
Fjallraven,Eco-Tour Jacket - Men's
Outdoor Research,Horizon Jacket - Men's
Undefeated,Strike Varsity Jacket - Men's
Undefeated,Revolution Varsity Jacket - Men's
Dark Seas,Dark Ages Jacket - Men's
High Society,Blazer - Men's
Fjallraven,Fjell Jacket - Men's
Carhartt,Medford Jacket - Men's
Filson,Wool Mile Marker Jacket SF- Men's
Salomon,Equipe Softshell Jacket - Men's
ExOfficio,Rain Logic Jacket - Men's
Puma Ecosphere,Softshell Jacket - Men's
The North Face,Verto Jacket - Men's
Carhartt,Muskegon Jacket - Men's
Outdoor Research,Revel Jacket - Men's
Athletic Recon,Stinger Jacket - Men's
Huf,Quilted Work Jacket - Men's
Gramicci,Pierce Jacket - Men's
Marmot,Misto Softshell Jacket - Men's
One Industries,Floorjack Full-Zip Hoodie - Men's
The North Face,Mazino Jacket - Men's
Icebreaker,Legion Jacket - Men's
The North Face,Verto Storm Jacket - Men's
Pendleton,Warren Jacket - Men's
Filson,Shelter Cloth Westlake Jacket - Men's
Waters and Army,Drops Jacket - Men's
Filson,Wool Greenwood Jacket - Men's
Salomon,Fast Wing Jacket - Men's
Icebreaker,Transit Jacket - Men's
Hawke and Co. ,Wool Carcoat - Men's
Filson,Guide Soywax Work Jacket - Men's
Fjallraven,Eco-Hike Jacket - Men's
Altamont,Termm Jacket - Men's
Altamont,Scanner Jacket - Men's
Filson,Guide Work Jacket - Men's
Upright Cyclist,Brighton Parka - Men's
Upright Cyclist,Jackson Jacket - Men's
Nomis,Banner Softshell Jacket - Men's
The North Face,Kilowatt Jacket - Men's
Kavu,Woodsman Jacket - Men's
Puma,Graphic Lightweight Jacket - Men's
Emerica,Slappy Bandit Jacket - Men's
Emerica,Gunwale Reynolds Jacket - Men's
ourCaste,Saul Trainer Rain Jacket - Men's
KR3W,Redford Jacket - Men's
KR3W,District Jacket - Men's
Reef,Squall II Jacket - Men's
Pendleton,Brownsville Jacket - Men's
KR3W,Nicholson Jacket - Men's
Marmot,Frequency Hybrid Jacket - Men's
Hawke and Co. ,Travel Jacket- Men's
Roark Revival,Sierra Maestra Jacket - Men's
Brixton,Clyde Windbreaker - Men's
Santa Cruz,Strip Coach Windbreaker - Men's
Chrome,Cobra Full-Zip Hoodie - Men's
Saucony,Sonic Vizi Jacket - Men's
Hawke and Co. ,Hawke 1/2-Zip Pullover - Men's
Emerica,Regiment Camo Jacket - Men's
Hawke and Co. ,Active 2 Zone Jacket - Men's
The North Face,Leonidas Jacket - Men's
Icebreaker,Quantum+ Hooded Jacket - Men's
Emerica,Regiment  Shirt Jacket - Men's
Marmot,Southridge Jacket - Men's
Fjallraven,Back Jacket - Men's
Norrøna,/29 dri2 Coat - Men's
Mammut,MTR 201 Rainspeed Jacket - Men's
Helly Hansen,Seattle Jacket - Men's 
Asics,Electro Jacket - Men's
Marmot,Storm Watch Jacket - Men's
Mammut,Ultimate Nordpfeiler Jacket - Men's
Chrome,Storm Field Jacket
Pendleton,Fitted Topster Jacket - Men's
Patagonia,Nuevo Range Jacket - Men's
Swix,Star X Jacket - Men's
Kavu,Lumber Jack It Jacket - Men's
Hawke and Co. ,Hawke Wool Peacoat - Men's
The North Face,Denali Fleece Jacket - Men's
Patagonia,R1 Fleece Pullover - 1/2-Zip - Men's
Patagonia,Better Sweater Fleece Jacket - Men's
Arc'teryx,Cerium LT Hooded Down Jacket - Men's
Arc'teryx,Thorium AR Hooded Down Jacket - Men's
Patagonia,Classic Retro-X Jacket - Men's
Patagonia,Down Sweater Jacket - Men's
Canada Goose,Chateau Down Parka - Men's
Canada Goose,Lodge Down Hooded Jacket - Men's
Canada Goose,Langford Down Parka - Men's
The North Face,Denali Hooded Fleece Jacket - Men's
Columbia,Cathedral Peak Vest - Men's
Patagonia,Classic Retro-X Vest - Men's
Arc'teryx,Atom LT Hooded Insulated Jacket - Men's
Canada Goose,Chilliwack Bomber Down Parka - Men's
Arc'teryx,Thorium AR Down Jacket - Men's
Canada Goose,Lodge Down Jacket - Men's
The North Face,Momentum Fleece Jacket - Men's
Arc'teryx,Cerium LT Down Jacket - Men's
Patagonia,R1 Fleece Jacket - Men's
The North Face,Denali Windpro Fleece Jacket - Men's
Sierra Designs,Stretch DriDown Hooded Jacket - Men's
Patagonia,R2 Fleece Jacket - Men's
Marmot,Variant Insulated Jacket - Men's
Arc'teryx,Nuclei Hooded Insulated Jacket - Men's
Mountain Hardwear,Thermostatic Insulated Jacket - Men's
The North Face,Khumbu II Fleece Jacket - Men's 
The North Face,ThermoBall Full-Zip Jacket - Men's
Norrøna,Falketind PrimaLoft 60 Insulated Jacket - Men's
Arc'teryx,Covert Hooded Fleece Jacket - Men's
MontBell,Ex Light Down Jacket - Men's
Columbia,Steens Mountain Full-Zip 2.0 Fleece Jacket - Men's
Patagonia,Nano-Air Insulated Jacket - Men's
Arc'teryx,Atom LT Hooded Insulated Jacket - Men's
Black Diamond,Access Hybrid Insulated Hooded Jacket - Men's
Patagonia,Nano Puff Insulated Jacket - Men's
Arc'teryx,Atom LT Insulated Jacket - Men's
Marmot,Variant Insulated Vest - Men's 
The North Face,Pumori Wind Fleece Jacket - Men's
Arc'teryx,Fortrez Fleece Hooded Jacket - Men's
Black Diamond,CoEfficient Fleece Jacket - Men's
Marmot,Guides Down Vest - Men's
The North Face,WindWall 1 Fleece Jacket - Men's
Canada Goose,Lodge Down Vest - Men's
Marmot,Zeus Down Vest - Men's
Patagonia,DAS Insulated Parka - Men's
The North Face,Apex Bionic Softshell Vest - Men's
MontBell,Frost Line Down Parka - Men's
Patagonia,Down Sweater Vest - Men's
Patagonia,Ultralight Down Hooded Sweatshirt - Men's
The North Face,Super Zephyrus Insulated Hooded Jacket - Men's
Patagonia,Ultralight Down Jacket - Men's
Patagonia,Down Sweater Vest - Men's
Marmot,Alpinist Tech Fleece Jacket - Men's
The North Face,ThermoBall Insulated Vest - Men's
Norrøna,Narvik Gore-Tex 2L Performance Shell Jacket - Men's
Patagonia,R3 Fleece Jacket - Men's
Patagonia,Piton Hybrid Hooded Fleece Jacket - Men's
Marmot,Reactor Full-Zip Fleece Jacket - Men's
Patagonia,Down Sweater Full-Zip Hooded Jacket - Men's
Arc'teryx,Kappa Insulated Hoodie - Men's
Patagonia,Piton Hybrid Vest - Men's
Marmot,Reactor Fleece Vest - Men's
The North Face,Shellrock Jacket - Men's
The North Face,Altimont Hooded Jacket - Men's
Canada Goose,Ontario Down Parka - Men's
Canada Goose,Banff Down Parka - Men's
Mountain Hardwear,MicroChill Fleece Jacket - Men's
Marmot,Alpinist Half-Zip Long Underwear Top - Men's
Arc'teryx,Tecto FL Jacket - Men's
The North Face,Momentum Fleece Jacket - Men's
Backcountry.com,Hadron Down Anorak - Men's
The North Face,Canyonwall Full-Zip Fleece Jacket - Men's
Patagonia,Nano Puff Hooded Insulated Jacket - Men's
Patagonia,Nano Puff Hybrid Insulated Jacket - Men's
Marmot,Ajax Down Vest - Men's
Norrøna,Falketind Warm1 Fleece Jacket - Men's
Arc'teryx,Atom LT Insulated Vest - Men's
Mammut,Broad Peak Light Down Jacket - Men's
Canada Goose,Freestyle Down Vest - Men's
Patagonia,Nano-Air Insulated Hooded Jacket - Men's
Marmot,Isotherm Hooded Insulated Jacket - Men's
The North Face,Tech 100 Fleece Pullover - 1/2-Zip - Men's
Marmot,Ajax Down Vest - Men's
The North Face,ThermoBall Insulated Vest - Men's
Arc'teryx,Squamish Hooded Jacket - Men's
Rab,Infinity Down Jacket - Men's
Patagonia,Nano Puff Vest - Men's
The North Face,SDS 1/2-Zip Fleece Jacket - Men's
Black Diamond,Access Hybrid LT Insulated Jacket- Men's
Mountain Hardwear,Seraction Jacket - Men's
The North Face,ThermoBall Full-Zip Jacket - Men's
Patagonia,Ultralight Down Vest - Men's
Patagonia,Piolet Jacket - Men's
The North Face,Nuptse 2 Down Vest - Men's
The North Face,Momentum 300 Pro Fleece Jacket - Men's
The North Face,Thunder Down Jacket - Men's
Black Diamond,Access Hybrid Insulated Jacket - Men's
Norrøna,Trollveggen Gore-Tex Pro Jacket - Men's
Black Diamond,CoEfficient Vest - Men's
Patagonia,R4 Fleece Jacket - Men's
Norrøna,Trollveggen Down 750 Jacket - Men's
Marmot,Quasar Hooded Down Jacket - Men's
Canada Goose,Polar Bears International Expedition Down Parka - Men's
Columbia,Fast Trek II Fleece Jacket - Men's
The North Face,Powder Guide Vest - Men's
The North Face,Nuptse 2 Down Jacket - Men's
Backcountry.com,Stash Shell - Men's
Norrøna,Lyngen Lightweight Down Jacket - Men's
MontBell,Alpine Light Down Jacket - Men's
Patagonia,Nano Puff Pullover Insulated Jacket - Men's
Norrøna,Falketind Gore-Tex Jacket - Men's
The North Face,RDT 300 Khumbu Fleece Jacket - Men's 
The North Face,Apex Elevation Softshell Jacket - Men's
Mammut,Nordwand Pro Jacket - Men's
The North Face,Super Diez Down Jacket - Men's
Outdoor Research,Vanguard Jacket - Men's
The North Face,RDT 100 Full-Zip Fleece Jacket - Men's 
Black Diamond,Access Hybrid Vest - Men's
Norrøna,Narvik Warm2 Stretch Zip Hooded Fleece Jacket - Men's
The North Face,Salathe Fleece Jacket - Men's
Patagonia,Piton Hybrid Fleece Jacket - Men's
Marmot,Stride Vest - Men's 
Mountain Hardwear,Hoodless Monkey Man Grid Jacket - Men's
Mountain Hardwear,Mountain Tech Jacket - Men's
Simms,Slick Jacket - Men's
Mountain Hardwear,Ghost Whisperer Down Jacket - Men's
SmartWool,PhD Smartloft Full-Zip Hoodie - Men's
MontBell,Thermawrap Sport Insulated Jacket - Men's
Black Diamond,CoEfficient Fleece Hooded Jacket - Men's
Mountain Hardwear,Desna Fleece Jacket - Men's
Marmot,Calen Insulated Jacket - Men's
Arc'teryx,Atom LT Insulated Jacket - Men's
Arc'teryx,Konseal Fleece Jacket - Men's
Mountain Hardwear,Compulsion 3L Jacket - Men's
Norrøna,Svalbard Warm1 Vest - Men's 
MontBell,Ultralight Down Parka - Men's
Marmot,Zeus Down Vest - Men's
Patagonia,Adze Vest - Men's
Armada,Outland Gore-Tex Pro 3L Jacket - Men's
Norrøna,Trollveggen Warm 2 Fleece Jacket - Men's
Norrøna,Lofoten Gore-Tex Active Shell Jacket - Men's
Patagonia,Powslayer Jacket - Men's
Arc'teryx,Khuno Insulated Parka - Men's
Mammut,Foraker Hybrid Insulated Jacket - Men's
Mountain Hardwear,Monkey Man 200 Fleece Jacket - Men's
The North Face,Chimborazo Full Zip Fleece Jacket - Men's
Arc'teryx,Covert Fleece Hooded Jacket - Men's
Rab,Microlight Down Jacket - Men's
Rab,Latok Alpine Jacket - Men's
Backcountry.com,Backcountry Hadron Down Jacket - Men's
Montane,North Star Down Jacket - Men's
The North Face,Thunder Micro Jacket - Men's
Arc'teryx,Fission SL Insulated Jacket - Men's
Mammut,Rime Pro Insulated Jacket - Men's
The North Face,Concavo 1/4-Zip Fleece Jacket - Men's
Arc'teryx,Hyllus Hooded Fleece Jacket - Men's
Marmot,Zeus Down Jacket - Men's
Marmot,Greenland Baffled Down Jacket - Men's
The North Face,Grizzly Pack Jacket - Men's
Marmot,Warmlight Fleece Jacket - Men's
Mammut,Alyeska Jacket - Men's
Arc'teryx,Covert Full-Zip Cardigan - Men's
MontBell,Alpine Light Down Vest - Men's
Patagonia,Classic Retro-X Cardigan - Men's
Marmot,Quasar Down Jacket - Men's
Arc'teryx,Epsilon SV Hooded Fleece Jacket - Men's
MontBell,Thermawrap Insulated Guide Jacket - Men's
Western Mountaineering,QuickFlash Down Jacket - Men's
Mammut,Eigerjoch Down Jacket - Men's
The North Face,Inlux Insulated Jacket - Men's
Arc'teryx,Stingray Jacket - Men's
Western Mountaineering,Flash Down Jacket - Men's
Patagonia,Tres Parka Jacket - Men's
Arc'teryx,Cerium LT Vest - Men's
Patagonia,Synchilla Snap-T Fleece Pullover - Men's
Arc'teryx,Strato Fleece Jacket - Men's
Patagonia,Houdini Pullover - Men's
Mountain Hardwear,Thermostatic Hooded Insulated Jacket - Men's
KUHL,Revel 1/4-Zip Sweater - Men's
Columbia,Insect Blocker Mesh Jacket - Men's 
Rab,Neutrino Endurance Down Jacket - Men's
The North Face,Blaze Micro Hooded Insulated Jacket - Men's
Armada,Stealth Gore-Tex Jacket - Men's
Montane,Prism Insulated Jacket - Men's
Marmot,Alpha Pro Insulated Jacket - Men's
Canada Goose,Citadel Down Parka - Men's
Marmot,Leadville Softshell Vest - Men's
NAU,Vice Blazer - Men's
Canada Goose,Freestyle Down Vest - Men's
Helly Hansen,Odin H2 Flow Jacket - Men's
Arc'teryx,Rush Jacket - Men's
Arc'teryx,Sidewinder SV Jacket - Men's
Mountain Hardwear,Chillwave Down Jacket - Men's
Under Armour,Coldgear Infrared Ghost Jacket - Men's
Marmot,Approach Softshell Vest - Men's
Marmot,Ajax Down Jacket - Men's
Arc'teryx,Squamish Jacket - Men's
Western Mountaineering,Flash XR Down Jacket - Men's
Mountain Hardwear,Nitrous Vest - Men's
Arc'teryx,Strato Hooded Fleece Jacket - Men's
The North Face,Canyonlands Full-Zip Jacket - Men's
Patagonia,R1 Fleece Hooded Pullover - Men's
Marmot,Calen Insulated Jacket - Men's
Outdoor Research,Transonic Jacket - Men's
The North Face,TKA 100 Microvelour Glacier 1/4-Zip Top - Men's
The North Face,Makalu Insulated Jacket - Men's
Arc'teryx,Caden Jacket - Men's
Patagonia,Synchilla Fleece Vest - Men's
Arc'teryx,Cerium SV Down Jacket - Men's
Patagonia,Down Shirt - Men's
Columbia,Klamath Range II 1/2-Zip Fleece Jacket - Men's
Arc'teryx,Hyllus Fleece Jacket - Men's
Marmot,Stretch Fleece Jacket - Men's
Marmot,Reactor Half Zip Fleece Jacket - Men's
Marmot,Guides Hooded Down Jacket - Men's
Marmot,Ramble Component 3-in-1 Jacket - Men's
Arc'teryx,Thorium SV Hooded Down Jacket - Men's
Patagonia,SST Jacket
Arc'teryx,Atom SV Hooded Insulated Jacket - Men's
Arc'teryx,Cerium SV Hooded Down Jacket - Men's
Marmot,Alpinist Hybrid Insulated Jacket - Men's
MontBell,Thermawrap Pro Insulated Jacket - Men's
Western Mountaineering,Flight Down Jacket - Men's
Armada,Kelowna Jacket - Men's
Volcom,Faceted Jacket - Men's
Salomon,S-Lab Light Jacket - Men's
Marmot,Nabu Softshell Jacket - Men's 
Mountain Hardwear,Compressor Hooded Insulated Jacket - Men's
The North Face,Exertion Triclimate Jacket - Men's
Patagonia,Micro Puff Insulated Jacket - Men's
Arc'teryx,Aphix Insulated Hoodie - Men's
Norrøna,Lyngen Primaloft 60 Insulated Jacket - Men's
SmartWool,PhD SmartLoft Divide Full-Zip Top - Men's 
Mountain Hardwear,Absolute Zero Down Parka - Men's
Mountain Hardwear,Mountain Monkey Tech Fleece Jacket - Men's
Rab,Microlight Alpine Down Jacket - Men's 
Patagonia,Simple Synchilla Fleece Jacket - Men's
The North Face,Momentum Fleece Hooded Jacket - Men's
Patagonia,Karstens Fleece Vest - Men's
Patagonia,Bivy Down Vest - Men's
The North Face,Grizzly 2 Fleece Jacket - Men's
Arc'teryx,Straibo Fleece Jacket - Men's
Norrøna,Røldal Gore-Tex Insulated Jacket - Men's
Norrøna,Bitihorn Aero 60 Jacket - Men's
Dynafit,Patrol GTX Active Shell Jacket - Men's
The North Face,Canyonwall Fleece Vest - Men's
Arc'teryx,Delta LT Fleece Jacket - Men's
MontBell,Ultralight Down T - Short-Sleeve - Men's
Arc'teryx,Caliber Fleece Cardigan - Men's
Norrøna,Lyngen Warm2Flex Fleece Jacket - Men's
Patagonia,Insulated Better Sweater Fleece Vest - Men's
Patagonia,Piolet Jacket - Men's
Arc'teryx,Straibo Hooded Fleece Jacket - Men's
Arc'teryx,Atom AR Hooded Insulated Jacket - Men's
Simms,ProDry Gore-Tex Jacket - Men's
Arc'teryx,Cerium SL Down Jacket - Men's
Mammut,Segnas Jacket - Men's
Patagonia,Karstens Fleece Jacket - Men's
Marmot,Variant Insulated Vest - Men's 
Marmot,Guides Down Sweater - Men's
Western Mountaineering,Meltdown Down Jacket - Men's
Marmot,Front Range Fleece Jacket - Men's
Patagonia,Nine Trails Jacket - Men's
Marmot,Backroad Jacket - Men's
Norrøna,Narvik dri3 Performance Shell Jacket - Men's
Patagonia,Minimalist Wading Jacket - Men's
MontBell,Plasma 1000 Down Jacket - Men's
The North Face,Momentum Triclimate Jacket - Men's
Mountain Equipment,Compressor Hooded Jacket - Men's
Arc'teryx,Alpha AR Jacket - Men's
Patagonia,Upslope Full-Zip Fleece Hoody- Men's
Marmot,Palisades Jacket - Men's
Norrøna,Falketind Warm1 Pullover Hoodie - Men's
Mountain Equipment,Arclight Jacket - Men's
Montane,Minimus Smock - Men's
Icebreaker,Sierra Fleece Hooded Jacket - Men's
Marmot,Ama Dablam Down Jacket - Men's
Marmot,Reactor Hooded Fleece Jacket - Men's
Patagonia,Hi-Loft Down Hooded Sweater - Men's
The North Face,DNP Jacket - Men's
Mammut,Felsturm Touring Jacket - Men's
The North Face,Raffetto Crew Fleece Jacket - Men's
Canada Goose,Borden Bomber Jacket - Men's
Norrøna,/29 Warm1 Zip Hooded Fleece - Men's
Arc'teryx,Aphix Insulated Jacket - Men's
MontBell,Alpine Light Down Parka - Men's
Mammut,Marangun Insulated Jacket - Men's
Spyder,Enforcer Jacket - Men's
Canada Goose,Hybridge Hooded Down Jacket - Men's
The North Face,Shellrock Softshell Vest - Men's
Backcountry.com,Breaker Fleece Hooded Jacket - Men's
Arc'teryx,Dually Belay Insulated Parka - Men's
La Sportiva,Bishop Hoodie Fleece Pullover Jacket - Men's
MontBell,Permafrost Down Parka - Men's
The North Face,DNP Hooded Jacket - Men's
Norrøna,Trollveggen Dri3 Jacket - Men's
Patagonia,Oakes Hooded Fleece Jacket - Men's
Mammut,Verbier Jacket - Men's
Simms,Acklins Jacket - Men's
Black Diamond,BDV Jacket - Men's
Westcomb,Switch LT Jacket - Men's
Volcom,Bashi Jacket - Men's
Volcom,Watch Out Jacket - Men's
Mammut,Masao Jacket - Men's
Arc'teryx,Therme Parka - Men's
Patagonia,Upslope Full-Zip Fleece Jacket - Men's
The North Face,Imbabura Down Jacket - Men's
Volcom,Blown Away Jacket - Men's
Norrøna,Lofoten Warm1 Fleece Jacket - Men's
Millet,Les Drus GTX  Pro Jacket - Men's
Icebreaker,Quantum Vest - Men's
The North Face,Canyonlands Full-Zip Fleece Hoodie - Men's
MontBell,Ultralight Down Jacket - Men's
Patagonia,River Salt Jacket
Millet,Trilogy GTX Jacket - Men's
Norrøna,/29 Gore-Tex Primaloft Insulated Parka - Men's
Mammut,Stoney Jacket - Men's
Canada Goose,Timber Shell - Men's
Marmot,Central Insulated Jacket - Men's
Arc'teryx,Atom LT Insulated Vest - Men's
The North Face,ThermoBall Hybrid Jacket - Men's
The North Face,Nimble Softshell Vest - Men's
Adidas Outdoor,Hiking 1SD 1/2-Zip Fleece Pullover - Men's
The North Face,Chimborazo Full-Zip Hoodie - Men's
Canada Goose,Canyon Shell - Men's
Montane,Fast Alpine Stretch Neo Jacket - Men's
Mountain Hardwear,Mountain Tech Vest - Men's
The North Face,NFZ Insulated Jacket - Men's
Norrøna,Lyngen Down Jacket - Men's
Mammut,Broad Peak II Down Jacket - Men's
Oakley,Beltline Primaloft Insulated Jacket - Men's
Spyder,Eiger Shell Jacket - Men's
Canada Goose,Polar Bears International Lodge Hooded Down Jacket - Men's
Armada,Gremlin Insulated Jacket - Men's
The North Face,Concavo Vest - Men's
Mountain Hardwear,Monkey Man Grid Fleece Jacket - Men's
Norrøna,Lyngen Driflex3 Jacket - Men's
Salomon,Terres Jacket - Men's
Helly Hansen,Enigma Jacket - Men's
Mammut,Kala Pattar Tech Fleece Jacket - Men's
Canada Goose,Hybridge Lite Hooded Down Jacket - Men's
Rab,Infinity Endurance Down Jacket - Men's
Mountain Hardwear,Ghost Whisperer Down Vest - Men's
Arc'teryx,Alpha Comp Hooded Jacket - Men's
Arc'teryx,Atom AR Insulated Jacket - Men's
Arc'teryx,Kappa Insulated Jacket - Men's
The North Face,Heathe Down Jacket - Men's
Mountain Hardwear,Gravitor Insulated Jacket - Men's
Spyder,Bernese Down Jacket - Men's
Black Diamond,Stance Belay Insulated Parka - Men's
Marmot,Hangtime Down Jacket - Men's
The North Face,Canyonlands 1/2-Zip Pullover Jacket - Men's
Mammut,Kento Jacket - Men's
Mountain Hardwear,Exposure II Parka - Men's
Spyder,Alyeska Jacket - Men's
Armada,Scout Jacket - Men's
MontBell,Thermawrap Sport Vest - Men's
The North Face,Texture Cap Rock Fleece Jacket - Men's
Under Armour,Coldgear Infrared Enyo Jacket - Men's
Westcomb,Apoc Jacket - Men's
Norrøna,Røldal Warm3 Fleece Jacket - Men's
Gore Running Wear,Mythos SO Jacket - Men's
Marmot,Norhiem Fleece Jacket - Men's
Adidas Outdoor,Hiking 3-In-1 GTX Insulated Jacket - Men's
Patagonia,Oakes Fleece Jacket - Men's
Arc'teryx,Ephus Fleece Hooded Jacket - Men's
Mammut,Ambler Hooded Down Jacket - Men's
The North Face,Red Blaze Insulated Jacket - Men's
Arc'teryx,Caliber Hoodie- Men's
The North Face,Mountain Light Triclimate Jacket - Men's
Fjallraven,Kyl Down Parka - Men's
Marmot,Tuner Down Jacket - Men's
Asics,Lite-Show Jacket - Men's
Outdoor Research,Transfer Hooded Softshell Jacket - Men's
The North Face,Gatebreak Down Jacket - Men's
Helly Hansen,Odin Mountain Jacket - Men's
Arc'teryx,Sabre Jacket - Men's
Mountain Equipment,Firefox Jacket - Men's
MontBell,Mirage Down Parka - Men's
Millet,Darwin WDS Insulated Jacket - Men's
Helly Hansen,Jupiter Jacket - Men's
Arc'teryx,Modon Jacket - Men's
Mammut,Rime Insulated Jacket - Men's
Mammut,Meron Jacket - Men's
The North Face,Olancha Fleece Jacket - Men's
SmartWool,PhD Smartloft Divide Vest - Men's
Levi's,Commuter Trucker Jacket - Men's
MontBell,Frost Smoke Down Parka - Men's
Marmot,Shadow Jacket - Men's
MontBell,UL Thermawrap Insulated Jacket - Men's
Salomon,Cornerstone Jacket - Men's
Big Agnes,Hole In The Wall Down Jacket - Men's
Mountain Hardwear,Nitrous Jacket - Men's
MontBell,Highland Down Jacket - Men's
Millet,Ivvavik Down Jacket - Men's
Filson,Light Work Vest - Men's
The North Face,Venesborg Triclimate Jacket - Men's
Spyder,Alps Jacket - Men's 
Montane,Anti-Freeze Down Jacket - Men's
Rab,Myriad Jacket - Men's 
Mountain Hardwear,Quasar Jacket - Men's 
Salomon,Mont Baron WindStopper Jacket - Men's
Salomon,Fast Wing Vest - Men's
L1,Sterling Insulated Jacket - Men's
MontBell,U.L. Down Vest - Men's 
Patagonia,Bivy Down Jacket - Men's
The North Face,T-Dubs Jacket - Men's
The North Face,Free Thinker Jacket - Men's
Montane,Alpha Guide Insulated Jacket - Men's
Mountain Hardwear,Nilas Down Jacket - Men's
Arc'teryx,Squamish Hooded Jacket - Men's
Mountain Hardwear,Hooded Ghost Whisperer Down Jacket - Men's
Columbia,Grade Max Jacket - Men's
Mammut,Broad Peak Hooded Jacket - Men's
Canada Goose,Hybridge Lite Down Jacket - Men's
Burton,Process Chill Softshell Jacket - Men's
Outdoor Research,Ferrosi Jacket - Men's
Volcom,Stomper Jacket - Men's
Mammut,Eigerjoch Light Insulated Jacket - Men's
Patagonia,Super Alpine Jacket - Men's
Outdoor Research,Centrifuge Top - Long-Sleeve - Men's
Rab,Nexus Jacket - Men's
Marmot,Calen 1/2-Zip Insulated Pullover - Men's
Volcom,Blaston Jacket - Men's
Volcom,Windstunner Jacket - Men's
The North Face,Alpine Project Hybrid Jacket - Men's
La Sportiva,Galaxy Hoodie Fleece Jacket - Men's
Simms,Axis Full-Zip Hoodie - Men's
Billabong,Crossfire PX Windbreaker - Men's
Rab,Atmos Jacket - Men's
Mountain Hardwear,Mixaction Jacket - Men's
The North Face,Catalyst Micro Down Jacket - Men's
Montane,Black Ice Down Jacket - Men's 
The North Face,Prism Optimus Down Jacket - Men's
Arc'teryx,Fission AR Insulated Jacket - Men's
FlyLow Gear,Quantum Jacket - Men's
The North Face,Point It Down Jacket - Men's
Mountain Hardwear,Phantom Hooded Down Jacket - Men's
Marmot,Cerro Torre Jacket - Men's
Mammut,Lanin Jacket - Men's
Rab,Strata Hooded Insulated Jacket - Men's
Arc'teryx,Fission SV Insulated Jacket - Men's
Rab,Cirrus Pull-On Jacket - Men's
The North Face,Radium Hi-Loft Fleece Jacket - Men's
Filson,Wool Mackinaw Vest - Men's
Marmot,8000M Down Parka - Men's
Mammut,Crater Jacket - Men's
Canada Goose,Hybridge Lite Vest - Men's
NAU,Synfill Stretch Insulated Jacket - Men's
Arc'teryx,Caliber Fleece Hooded Sweater - Men's
The North Face,Zephyrus Pro Insulated Jacket - Men's
Rab,Xiom Jacket - Men's
Orage,Edition Jacket - Men's
The North Face,Defroster Fleece Jacket - Men's
Salomon,Darbon Light Jacket - Men's
Norrøna,Fjora Aero 100 Jacket - Men's
Arc'teryx,Crossbow Jacket  - Men's
The North Face,Cipher Hybrid Hooded Jacket - Men's
The North Face, Allabout Triclimate Jacket - Men's
Millet,Touring Neo Jacket - Men's
Marmot,Sky Pilot Jacket - Men's
Patagonia,Shelled Synchilla Snap-T Fleece Hoodie - Men's
The North Face,RDT Momentum Fleece Jacket - Men's
Backcountry.com,Wayfarer Down Vest - Men's
Hawke and Co. ,Heliograph Systems Jacket - Men's
Adidas Outdoor,Terrex Primaloft Jacket - Men's
Columbia,Millennium Flash Shell Jacket - Men's
Mountain Hardwear,Hyaction Jacket - Men's
Arc'teryx,Incendo Vest - Men's
Houdini,High Loft Full-Zip Fleece Hooded Jacket - Men's
NAU,Down Tempo Trench Jacket - Men's 
Montane,Aero eVent Pullover - Men's
Patagonia,Shelled Synchilla Jacket - Men's
Big Agnes,Hole In The Wall Special Edition Down Jacket - Men's
Element,Cornell Jacket - Men's
KUHL,Skandl Jacket - Men's
The North Face,Impervious Jacket - Men's
Nike,SB Coach's Jacket - Men's
Simms,G4 Pro Jacket - Men's
La Sportiva,Scirocco Windbreaker Jacket - Men's
Patagonia,Better Sweater Vest - Men's
Columbia,Heat Elite Lite Fleece Jacket - Men's
Marmot,West Brook Jacket - Men's 
Dakota Grizzly,Carson Vest - Men's
The North Face,Steep Tech Apogee Jacket - Men's
Spyder,Patsch Novelty Hooded Softshell Jacket - Men's
La Sportiva,Oxygen Windbreaker Pullover - Men's
Burton,Rangeley Jacket - Men's
Rab,VR Lite Jacket - Men's
Dynafit,Gorihorn 2.0 Insulated Jacket - Men's
Dynafit,Vulcan Down Jacket - Men's
Norrøna,Svalbard Warm1 Pullover Sweater - Men's
Rab,Ventus Pull-On Jacket - Men's
Canada Goose,Moraine Shell - Men's
High Society,Pyramid Down Jacket - Men's
Armada,Dante Down Insulator Jacket - Men's
Hawke and Co. ,Kendall-Monty Down Jacket - Men's
The North Face,DNP Pullover Jacket - Men's
Volcom,Lambo Jacket - Men's
Big Agnes,Shovelhead Down Jacket - Men's
Columbia,Trail Fire Windbreaker Jacket - Men's
Spyder,Overtime Jacket - Men's
Arc'teryx,Solo Hooded Insulated Jacket - Men's
Canada Goose,Polar Bears International Chilliwack Bomber Down Jacket - Men's
RVCA,Hallihan Jacket - Men's
The North Face,Nuptse Down Vest - Men's
Spyder,Titan Jacket - Men's
Salomon,Minim 2.5L Jacket - Men's
Patagonia,3-In-1 River Salt Jacket - Men's 
Fjallraven,Abisko Hybrid Jacket - Men's
Houdini,Mix Jacket - Men's
Element,Circuit Jacket - Men's
Marmot,Spire Jacket - Men's
The North Face,Insulated Dormer Bomber - Men's
Montane,Mountain Star Jacket - Men's
Marmot,Palisades Jacket - Men's
Simms,Exstream Jacket - Men's
Spyder,Dolomite Hooded Down Jacket - Men's
Marmot,Ridgerock Jacket - Men's
The North Face,Tweed Nupste Heights Vest - Men's
Marmot,Stretch 1/2-Zip Fleece Jacket - Men's
Mammut,Lithium Insulated Jacket - Men's
Mammut,Broad Peak Down Vest - Men's
Houdini,Cloud Nine Insulated Jacket - Men's
Mountain Hardwear,Absolute Zero Down Suit - Men's
Helly Hansen,Odin Fastpack Jacket - Men's 
Volcom,Squall Jacket - Men's
Dynafit,Racing 2.0 WindStopper Vest - Men's
Norrøna,Lofoten Gore-Tex Pro Shell One-Piece Suit - Men's
ThirtyTwo,Hood Rats Hooded Coach Jacket - Men's
Nomis,Stacked Jacket - Men's
Montane,Alpine Endurance eVent Jacket - Men's
SmartWool,PhD Run Divide Vest - Men's
Spyder,Rival Jacket - Men's
Houdini,High Loft Sherpa Fleece Jacket - Men's
Columbia,Wind Protector Fleece Jacket - Men's
Marmot,Alpinist Jacket - Men's
Rab,Strata Vest - Men's
Western Mountaineering,SnøJack Down Parka - Men's
Fjallraven,Pak Down Jacket - Men's
Big Agnes,Shovelhead Special Edition Down Jacket - Men's
Fourstar Clothing Co,Atlas Jacket - Men's
Oakley,Division Insulated Jacket - Men's
Spyder,Patsch Hooded Softshell Jacket - Men's
Saucony,Sonic ViZi Vest - Men's
Kavu,Remington Jacket - Men's
Oakley,The Progression Fleece Hooded Jacket - Mens
Columbia,Back To Hells Mountain Interchange 3-In-1 Jacket - Men's
Marmot,Mountain Down Jacket - Men's
Armada,Borderline Insulated Jacket - Men's
Millet,Orong Jacket - Men's
Peak Performance,Heli Alpine Jacket - Men's
Oakley,Ridgewood Jacket - Men's
Mammut,Eiswand Jacket - Men's
Loser Machine,Condor II Vest - Men's
Vans,Rutherford Mountain Edition Jacket - Men's
Armada,Pennant Insulated Jacket - Men's
ThirtyTwo,Hood Rats Coaches Jacket - Men's
Levi's,BDU Jacket - Men's
Volcom,Loretto Jacket - Men's
Marmot,Tamarack Jacket - Men's
Brixton,Curtis Vest - Men's
Hurley,One & Only Runner Jacket - Men's
Fjallraven,Bjorn Vest - Men's
Marmot,Stockholm Down Vest - Men's
Patagonia,Super Alpine Jacket - Men's
Fjallraven,Buck Fleece Vest - Men's
Orage,Retallack Jacket - Men's
DC,Munich Jacket - Men's
Marmot,Vertical Softshell Jacket - Men's
Marmot,Stockholm Down Jacket - Men's
Simms,Windstopper Hooded Jacket - Men's
Salomon,GTX Active Shell - Men's
Orage,Link Down Jacket - Men's
ExOfficio,Bugsaway Sandfly Jacket - Men's
Orage,Mountain 65 Jacket - Men's
Obermeyer,Rush Jacket - Men's
NAU,Fractel Down Jacket - Men's
NAU,Down Plaid Shirt Jacket - Men's 
Spyder,Esper Jacket - Men's 
Spyder,Rocket Down Jacket - Men's
Spyder,Chambers Jacket - Men's
Mammut,Polar Fleece Jacket - Men's
Saga,Fatigue 2L Jacket - Men's
Volcom,Slab Insulated Jacket - Men's
ThirtyTwo,Lowdown Jacket - Men's
L1,Rockefeller Insulated Jacket - Men's
Patagonia,Primo Jacket - Men's
Eider,Spencer Jacket - Men's
The North Face,Blaze 1/2-Zip Insulated Jacket - Men's
Patagonia,Solar Wind Jacket - Men's
Volcom,L Gore-Tex Jacket - Men's
Marmot,Alpinist Jacket - Men's
The North Face,Kichatna Jacket - Men's
Burton,AK 2L Swash Gore-Tex Jacket - Men's
The North Face,RDT 300 Khumbu Fleece Vest - Men's 
Spyder,Pinnacle Jacket - Men's
Volcom,Volume Insulated Jacket - Men's
Mammut,Twitch Jacket - Men's
DAKINE,Atmos Jacket - Men's
Mountain Hardwear,Altaride Jacket - Men's
Marmot,Sidehill Component Jacket - Men's
Mountain Hardwear,Homeride Trifecta - Men's
Icebreaker,Sierra Fleece Jacket - Men's
The North Face,Lindero Down Vest - Men's
Burton,AK 3L Hover Gore-Tex Jacket - Men's
Scott,Ridge Jacket - Men's
Mountain Hardwear,Kelvinator Jacket - Men's
Nike,Bellevue 3-in-1 Jacket - Men's
ThirtyTwo,Yucatan Insulated Jacket - Men's
Oakley,Jeda Jacket - Men's
The North Face,WindWall 2 Fleece Jacket - Men's
Pearl Izumi,Elite Aero Vest - Men's
FlyLow Gear,BA Puffy Jacket - Men's
Marmot,Ares Down Jacket - Men's
The North Face,Denali Down Fleece Jacket - Men's
The North Face,Pike Triclimate Jacket - Men's
Ride,Georgetown Insulated Jacket - Men's
Trew Gear,Cosmic Jacket - Men's
Volcom,Profile Insulated Jacket - Men's
Airblaster,OJ Jacket - Men's
Patagonia,Primo Down Jacket - Men's
Volcom,Forwarder Mixed Camo Jacket - Men's
Burton,AK BK Insulator Jacket - Men's
Salomon,Cadabra 2L Jacket - Men's
Airblaster,Freedom Toaster Jacket - Men's
Billabong,New Force Windbreaker - Men's
Volcom,Vestitude Vest - Men's
Columbia,Steens Mountain Tech Full-Zip Fleece Jacket - Men's
Patagonia,Insulated Powder Bowl Jacket - Men's
Burton,AK Helium Insulator Jacket - Men's
Millet,Gakona GTX Jacket - Men's
Element,Shapleigh Jacket - Men's
Outdoor Research,Stormbound Jacket - Men's
Adidas Outdoor,Terrex Cocona Fleece Jacket - Men's
Oakley,Beltline Pro Jacket - Men's
Patagonia,Karstens Fleece Jacket - Men's
Burton,Frontier Jacket - Men's
Columbia,Grade Max Hooded Jacket - Men's
Billabong,Aftershock Platinum X Jacket - Men's
Mountain Hardwear,Quasar Hybrid Hooded Pullover - Men's
Burton,AK Rotor Softshell Jacket - Men's
Airblaster,Blaster Jacket - Men's
DAKINE,Drift Down Jacket - Men's
Saga,Anomie 2L Jacket - Men's
Sierra Designs,Revolution Down Jacket - Men's
Burton,Sentry Jacket - Men's
Airblaster,Yeti Jacket - Men's
Fjallraven,Ovik Parka - Men's
DAKINE,Fuse Jacket - Men's
Westcomb,Cayoosh LT Down Jacket - Men's
L1,Essex Insulated Jacket - Men's
Spiewak & Sons,Gridwax N1 Deck Jacket - Men's
Armada,Inspired Vest - Men's
Quiksilver,Travis Rice Girdwood Jacket - Men's
Orage,Parkatype Down Jacket - Men's
Kavu,Fuzz Meister Fleece Jacket - Men's
Salomon,Sashay Jacket - Men's
Burton,Bionic 3L Jacket - Men's
686,X Dickies Industrial Insulated Jacket - Men's
Burton,GMP Hostile Insulated Jacket - Men's
DC,Ripley SE Jacket - Men's
Burton,AK 2L Cyclic Gore-Tex Jacket - Men's
Burton,TWC Cannon Jacket - Men's
Ride,Newport Jacket - Men's
Volcom,Bias Insulated Jacket - Men's
Burton,AK 2L LZ Gore-Tex Down Jacket - Men's
Quiksilver,Inyo Insulated Jacket - Men's
DC,Union Insulated Jacket - Men's
Burton,AK VT Insulated Jacket - Men's
Burton,Battery Vest - Men's
686,Mannual Chipped Insulated Jacket - Men's
Volcom,Impact Insulated Jacket - Men's
Volcom,Fatigue 4-Way Stretch Jacket - Men's 
ThirtyTwo,Lowdown Insulated Jacket - Men's
Burton,2L Hellbrook Insulated Jacket - Men's
Volcom,Cult Jacket - Men's
Burton,Heritage Down Vest - Men's
Nike,Aeroloft Kampai Down Jacket - Men's
Burton,HeritageTrench Jacket - Men's
Nike,800 Fill Down Jacket - Men's
